<?xml version="1.0" encoding="UTF-8"?>
<project-private xmlns="http://www.netbeans.org/ns/project-private/1">
    <editor-bookmarks xmlns="http://www.netbeans.org/ns/editor-bookmarks/2" lastBookmarkId="0"/>
    <open-files xmlns="http://www.netbeans.org/ns/projectui-open-files/2">
        <group>
            <file>file:/C:/Torneau/COSC-2103/Souza_Joshua_PE13v1/src/souza_joshua_pe13v1/Rectangle2D.java</file>
            <file>file:/C:/Torneau/COSC-2103/Souza_Joshua_PE13v1/src/souza_joshua_pe13v1/Circle2D.java</file>
            <file>file:/C:/Torneau/COSC-2103/Souza_Joshua_PE13v1/src/souza_joshua_pe13v1/Souza_Joshua_PE13v1.java</file>
            <file>file:/C:/Torneau/COSC-2103/Souza_Joshua_PE13v1/src/souza_joshua_pe13v1/GeometricObject.java</file>
        </group>
    </open-files>
</project-private>
