<?xml version="1.0" encoding="UTF-8"?>
<project-private xmlns="http://www.netbeans.org/ns/project-private/1">
    <editor-bookmarks xmlns="http://www.netbeans.org/ns/editor-bookmarks/2" lastBookmarkId="0"/>
    <open-files xmlns="http://www.netbeans.org/ns/projectui-open-files/2">
        <group>
            <file>file:/C:/Torneau/COSC-2103/Souza_Joshua_PE9/src/souza_joshua_pe9/Souza_Joshua_PE9.java</file>
            <file>file:/C:/Torneau/COSC-2103/Souza_Joshua_PE9/src/souza_joshua_pe9/Location.java</file>
        </group>
    </open-files>
</project-private>
